{"cameraMode":{"drawMode":0,"name":"Shaded","section":"Shading Mode"},"sceneLighting":true,"audioPlay":false,"sceneViewState":{"showFog":true,"showMaterialUpdate":false,"showSkybox":false,"showFlares":true,"showImageEffects":true,"showParticleSystems":true},"in2DMode":false,"pivot":{"x":10.883244514465332,"y":-3.5171334743499758,"z":-2.7543342113494875},"rotation":{"x":0.09078691154718399,"y":0.809664785861969,"z":-0.1300896555185318,"w":0.5650478601455689},"size":10.0,"orthographic":false}